ottimo;316;adj
locale;304;adj
buono;290;adj
prezzo;213;nom
qualità;189;nom
servizio;165;nom
pizza;165;nom
piatto;165;nom
primo;146;adj
personale;145;adj
romano;133;adj
cibo;115;nom
ristorante;104;nom
gentile;99;adj
consiglio;95;nom
cena;91;nom
cucina;89;nom
vino;87;nom
tavolo;84;nom
scelta;82;nom
dolce;80;adj
amico;74;nom
buonissimo;70;adj
solo;69;adj
pranzo;64;nom
antipasto;64;nom
accogliente;62;adj
sicuramente;61;adv
gusto;60;nom
grande;58;adj
veloce;57;adj
bello;56;adj
panino;55;nom
carino;55;adj
cameriere;55;nom
zona;54;nom
piccolo;54;adj
simpatico;52;adj
casa;52;nom
pepe;51;nom
disponibile;51;adj
carciofo;51;nom
anno;51;nom
serata;50;nom
sapore;50;nom
euro;50;adj
ambiente;50;nom
tipico;49;adj
menù;48;nom
fresco;48;adj
cacio;48;nom
sera;46;nom
secondo;46;adj
pasta;46;nom
carbonaro;46;adj
carne;45;nom
proprietario;43;adj
eccellente;43;adj
cliente;43;nom
atmosfera;43;nom
musico;42;adj
ingrediente;42;nom
gelato;42;nom
unico;41;adj
tradizione;41;nom
tempo;41;nom
via;40;nom
proprio;40;adj
menu;40;nom
medio;40;adj
pieno;37;adj
giusto;37;adj
conto;37;nom
caldo;37;adj
prodotto;36;nom
piacevole;36;adj
migliore;36;adj
diverso;36;adj
ampio;36;adj
pesce;35;nom
trattoria;34;nom
rapporto;34;nom
cordiale;34;adj
torta;33;nom
mercato;33;nom
alto;33;adj
supplì;32;nom
ragazzo;32;nom
birra;32;nom
persona;31;nom
giorno;31;nom
cortese;31;adj
gustoso;30;adj
caffè;30;nom
aperitivo;30;nom
attento;29;adj
porzione;27;nom
pizzeria;27;nom
pasticceria;27;nom
abbondante;27;adj
varietà;26;nom
fritto;26;adj
classico;26;adj
polpetta;25;nom
pessimo;25;adj
pane;25;nom
interno;25;adj
fantastico;25;adj
esperienza;25;nom
eccezionale;25;adj
grazia;24;nom
vero;23;adj
peccato;23;nom
patata;23;nom
nuovo;23;adj
delizioso;23;adj
complimento;23;nom
cioccolato;23;nom
super;22;adj
squisito;22;adj
sabato;22;nom
oggi;22;adv
leggero;22;adj
freddo;22;adj
discreto;22;adj
attesa;22;nom
vicino;21;adj
semplice;21;adj
quartiere;21;nom
quantità;21;nom
pollo;21;nom
formaggio;21;nom
carta;21;nom
vista;20;nom
particolare;20;adj
lungo;20;adj
gentilezza;20;nom
forno;20;nom
bar;20;nom
acqua;20;nom
verdura;19;nom
salato;19;adj
ragazza|ragazzo;19;nom
punto;19;nom
problema;19;nom
noto;19;adj
idea;19;nom
famiglia;19;nom
bottiglia;19;nom
ultimo;18;adj
taglio;18;nom
stile;18;nom
riso;18;nom
presente;18;adj
possibilità;18;nom
pezzo;18;nom
pena;18;nom
materia;18;nom
focaccia;18;nom
bravo;18;adj
accoglienza;18;nom
vivamente;17;adv
tradizionale;17;adj
staff;17;nom
sala;17;nom
prenotazione;17;nom
pietanza;17;nom
onesto;17;adj
croccante;17;adj
collega;17;nom
cocktail;17;nom
vecchio;16;adj
simpatia;16;nom
ricco;16;adj
resto;16;nom
proposta;16;nom
positivo;16;adj
pomodoro;16;nom
originale;16;adj
minuto;16;nom
giro;16;nom
giovane;16;adj
giapponese;16;adj
costo;16;nom
banco;16;nom
zucca;15;nom
rosso;15;adj
pronto;15;adj
perfetto;15;adj
insalata;15;nom
familiare;15;adj
cura;15;nom
cuore;15;nom
colazione;15;nom
coda;15;nom
base;15;nom
tranquillo;14;adj
sugo;14;nom
strepitoso;14;adj
spazio;14;nom
sorpresa;14;nom
secco;14;adj
scarso;14;adj
salso;14;adj
persiano;14;adj
pausa;14;nom
ordine;14;nom
occasione;14;nom
mozzarella;14;nom
misto;14;adj
luogo;14;nom
livello;14;nom
impeccabile;14;adj
impasto;14;nom
gradevole;14;adj
gestore;14;nom
fatto;14;nom
domenica;14;nom
contorno;14;nom
cicoria;14;nom
bruschetta;14;nom
basso;14;adj
baccalà;14;nom
vivo;13;adj
rapido;13;adj
posto;13;nom
pecorino;13;adj
pecca;13;nom
pasto;13;nom
passato;13;adj
olio;13;nom
fiore;13;nom
economico;13;adj
crudo;13;adj
condimento;13;nom
buffet;13;nom
bibita;13;nom
bevanda;13;nom
bancone;13;nom
attenzione;13;nom
tagliere;12;nom
storico;12;adj
splendido;12;adj
speciale;12;adj
rustico;12;adj
romanesco;12;adj
professionalità;12;nom
professionale;12;adj
piazza;12;nom
panna;12;nom
manzo;12;nom
ideale;12;adj
hamburger;12;nom
gruppo;12;nom
genuino;12;adj
fungo;12;nom
formula;12;nom
crema;12;nom
can;12;nom
bicchiere;12;nom
bambino;12;nom
amichevole;12;adj
visita;11;nom
scadente;11;adj
salume;11;nom
richiesta;11;nom
possibile;11;adj
pistacchio;11;adj
passaggio;11;nom
palato;11;nom
osteria;11;nom
offerta;11;nom
norma;11;nom
interessante;11;adj
facile;11;adj
drink;11;nom
difficile;11;adj
cordialità;11;nom
certo;11;adj
biscotto;11;nom
amante;11;nom
vegetariano;10;nom
vasto;10;adj
top;10;adj
teatro;10;nom
tartufo;10;nom
signore;10;nom
sicuro;10;adj
scoperta;10;nom
ripieno;10;nom
piadina;10;nom
patatina;10;nom
passo;10;nom
modico;10;adj
moderno;10;adj
massimo;10;adj
leggermente;10;adv
guanciale;10;nom
frutta;10;nom
festa;10;nom
famoso;10;adj
esterno;10;adj
coppia;10;nom
consegna;10;nom
calice;10;nom
bianco;10;adj
avviso;10;nom
assaggio;10;nom
artigianale;10;adj
amaro;10;adj
vuoto;9;adj
turista;9;nom
titolare;9;nom
specie;9;adv
spaghetto;9;nom
sorridente;9;adj
sfizioso;9;adj
settimana;9;nom
rigatone;9;nom
ricotta;9;nom
raffinato;9;adj
prossimo;9;adj
preparazione;9;nom
particolarmente;9;adv
melanzana;9;nom
lista;9;nom
italiano;9;adj
intimo;9;adj
inizio;9;nom
fortuna;9;nom
forte;9;adj
figlio;9;nom
cottura;9;nom
cortesia;9;nom
cornetto;9;nom
compleanno;9;nom
compagnia;9;nom
bagno;9;nom
vita;8;nom
superlativo;8;adj
superiore;8;adj
strada;8;nom
stella;8;nom
sottile;8;adj
solito;8;adj
soddisfacente;8;adj
salsiccia;8;nom
salmone;8;nom
ricerca;8;nom
profumo;8;nom
polpo;8;nom
pizzetta;8;nom
personalmente;8;adv
moglie;8;nom
manco;8;adj
invitante;8;adj
insieme;8;adv
fila|filo;8;nom
elegante;8;adj
efficiente;8;adj
domicilio;8;nom
concerto;8;nom
complesso;8;adj
commensale;8;nom
cassa;8;nom
autentico;8;adj
aspetto;8;nom
aspettativa;8;nom
aria;8;nom
alice;8;nom
zuppa;7;nom
voto;7;nom
trippa;7;nom
tortino;7;nom
torno;7;nom
tonno;7;nom
spuntino;7;nom
spettacolare;7;adj
sito;7;adj
sedia;7;nom
ritardo;7;nom
ricordo;7;nom
raviolo;7;nom
pubblico;7;adj
prosciutto;7;nom
presenza;7;nom
preciso;7;adj
piccante;7;adj
piattino;7;nom
oliva;7;nom
naturale;7;adj
messicano;7;adj
mesa|mese;7;nom
mattina|mattino;7;nom
margherita;7;nom
mare;7;nom
latino;7;adj
informale;7;adj
grado;7;nom
gestione;7;nom
generoso;7;adj
gambero;7;nom
fratello;7;nom
foto;7;nom
fisso;7;adj
filetto;7;nom
fermo;7;adj
elevato;7;adj
coccio;7;nom
centro;7;nom
cece;7;nom
caro;7;adj
breve;7;adj
assurdo;7;adj
abbacchio;7;nom
versione;6;nom
temperatura;6;nom
tavola|tavolo;6;nom
sublime;6;adj
stomaco;6;nom
spettacolo;6;nom
sorriso;6;nom
siciliano;6;adj
scorso;6;adj
scontrino;6;nom
pugliese;6;adj
programma;6;nom
porta;6;nom
popolare;6;adj
pesante;6;adj
pasticcino;6;nom
passeggiata;6;nom
parmigiano;6;adj
parecchio;6;adv
ordinazione;6;nom
morbido;6;adj
momento;6;nom
minimo;6;adj
marito;6;nom
luce;6;nom
linea;6;nom
lento;6;adj
jazz;6;nom
insapore|insaporo;6;adj
ingresso;6;nom
impressione;6;nom
importante;6;adj
gastronomia;6;nom
favore;6;nom
fantasia;6;nom
entrata;6;nom
disposizione;6;nom
dimensione;6;nom
dettaglio;6;nom
crostata;6;nom
crocchetta;6;nom
coupon;6;nom
cotto;6;nom
corso;6;nom
conferma;6;nom
cinema;6;nom
chef;6;nom
arredo;6;nom
arredamento;6;nom
aperto;6;adj
americano;6;adj
alternativo;6;adj
accettabile;6;adj
zabaione;5;nom
venerdì;5;nom
trattato;5;nom
tipicamente;5;adv
tiepido;5;adj
testa;5;nom
tavolino;5;nom
tardo;5;adj
superbo;5;adj
sufficiente;5;adj
storia;5;nom
spiegazione;5;nom
spazioso;5;adj
spartano;5;adj
selezione;5;nom
sbaglio;5;nom
santo;5;adj
sano;5;adj
sala|sale;5;nom
risultato;5;nom
ristorazione;5;nom
ricetta;5;nom
realtà;5;nom
radicchio;5;nom
puro;5;adj
pulizia;5;nom
presentazione;5;nom
precedente;5;adj
pomeriggio;5;nom
plastica;5;nom
piede;5;nom
perfettamente;5;adv
pazzesco;5;adj
parere;5;nom
parcheggio;5;nom
paio;5;nom
orario;5;nom
negozio;5;nom
musicista;5;nom
metro;5;nom
mattatoio;5;nom
mano;5;nom
maniera;5;nom
maleducato;5;adj
luglio;5;nom
limone;5;nom
lavoratore;5;nom
impossibile;5;adj
gratis;5;adv
fetta;5;nom
felice;5;adj
favoloso;5;adj
disponibilità;5;nom
dessert;5;nom
cotoletta;5;nom
contenuto;5;nom
comune;5;adj
colore;5;nom
club;5;nom
cipolla;5;nom
cinese;5;adj
centrifugo;5;adj
cattivo;5;adj
bufalo;5;nom
bontà;5;nom
bisogno;5;nom
beneficenza;5;nom
barbaro;5;adj
banale;5;adj
arancino;5;nom
appetito;5;nom
antico;5;adj
altissimo;5;adj
agio;5;nom
affettato;5;adj
adatto;5;adj
acquisto;5;nom
zafferano;4;nom
visciola;4;nom
vicinanza;4;nom
viaggio;4;nom
velocità;4;nom
velocemente;4;adv
valido;4;adj
titolo;4;nom
terzo;4;adj
telefono;4;nom
supermercato;4;nom
suggerimento;4;nom
studente;4;nom
struttura;4;nom
stazione;4;nom
sporco;4;adj
spinacio;4;nom
sottofondo;4;nom
soluzione;4;nom
soldo;4;nom
sinceramente;4;adv
sgabello;4;nom
sensazione;4;nom
seguito;4;nom
segno;4;nom
sconto;4;nom
sbrigativo;4;adj
salvo;4;adj
salto;4;nom
rumoroso;4;adj
rovina;4;nom
robot;4;nom
ripassata;4;nom
responsabile;4;nom
puntuale;4;adj
pulito;4;adj
principale;4;adj
preferito;4;adj
posizione;4;nom
porcino;4;adj
pera;4;nom
passione;4;nom
passabile;4;adj
partita;4;nom
parola;4;nom
parete;4;nom
pandoro;4;nom
pace;4;nom
occhio;4;nom
nero;4;adj
negativo;4;adj
monta|monte;4;nom
modesto;4;adj
mini;4;adj
mignon;4;adj
meraviglioso;4;adj
menta;4;nom
mediocre;4;adj
maritozzo;4;nom
mani|mano;4;nom
maiale;4;nom
lontano;4;adj
limitato;4;adj
libero;4;adj
legno;4;nom
legna;4;nom
latta|latte;4;nom
largo;4;adj
intero;4;adj
insipido;4;adj
innovativo;4;adj
grana;4;nom
giudizio;4;nom
giudeo;4;nom
giornata;4;nom
genere;4;nom
fretta;4;nom
freschezza;4;nom
forma;4;nom
filo;4;nom
fettuccina;4;nom
evento;4;nom
estremamente;4;adv
essenziale;4;adj
esposizione;4;nom
enoteca;4;nom
enorme;4;adj
duro;4;adj
divertente;4;adj
discoteca;4;nom
direttore;4;nom
digeribile;4;adj
delusione;4;nom
culinario;4;adj
crostino;4;nom
creativo;4;adj
consistenza;4;nom
competenza;4;nom
competente;4;adj
compagno;4;nom
comodo;4;adj
castagnola;4;nom
caratteristico;4;adj
calma;4;nom
caffetteria;4;nom
bucatino;4;nom
box;4;nom
bocca;4;nom
biologico;4;adj
bimbo;4;nom
benvenuto;4;adj
barista;4;nom
avocado;4;nom
arte;4;nom
animazione;4;nom
angolo;4;nom
alimento;4;nom
adeguato;4;adj
abbinamento;4;nom
zucchina;3;nom
zucchero;3;nom
volontà;3;nom
volo;3;nom
vittoria;3;nom
vitello;3;nom
viola;3;adj
vetro;3;nom
vetrina;3;nom
verde;3;adj
verace;3;adj
vendita;3;nom
vellutato;3;adj
variegato;3;adj
variante;3;nom
urlo;3;nom
uovo;3;nom
umido;3;adj
trasmissione;3;nom
trancio;3;nom
tessera;3;nom
terrazza|terrazzo;3;nom
termine;3;nom
tendenza;3;nom
tema;3;nom
tartaro;3;adj
tappa;3;nom
tantino;3;adj
tagliolino;3;nom
svariato;3;adj
surgelato;3;adj
suggestivo;3;adj
stupendo;3;adj
strapieno;3;adj
strano;3;adj
stagione;3;nom
spina|spino;3;nom
spiedo;3;nom
spesa;3;nom
sostanza;3;nom
sosta;3;nom
sollecito;3;adj
sole|solo;3;nom
sincero;3;adj
sgradevole;3;adj
senso;3;nom
semplicità;3;nom
seme;3;nom
seduta;3;nom
scusa;3;nom
scortesia;3;nom
scortese;3;adj
scomodo;3;adj
sballo;3;nom
saluto;3;nom
salino;3;adj
romantico;3;adj
roba;3;nom
ristoro;3;nom
ristoratore;3;adj
riferimento;3;nom
responsabilità;3;nom
recente;3;adj
raramente;3;adv
ragù;3;nom
quadro;3;nom
purè;3;nom
premuroso;3;adj
porto;3;nom
piramide;3;nom
pienamente;3;adv
piacimento;3;nom
petto;3;nom
perplesso;3;adj
periodo;3;nom
peggiore;3;adj
pavimento;3;nom
pagamento;3;nom
padrone;3;nom
oro;3;nom
ombra;3;nom
numeroso;3;adj
numero;3;nom
notturno;3;adj
notte;3;nom
normale;3;adj
norcineria;3;nom
nonna|nonno;3;nom
noce;3;nom
nocciola;3;nom
nipote;3;nom
nastro;3;nom
muro;3;nom
motivo;3;nom
morale;3;adj
mondo;3;nom
moda;3;nom
mitico;3;adj
minuscolo;3;adj
mille;3;adj
mezza|mezzo;3;nom
mese;3;nom
mensa;3;nom
mastro;3;adj
mandorla;3;nom
mancanza;3;nom
maleducazione;3;nom
lode;3;nom
lievitazione;3;nom
lattuga;3;nom
iraniano;3;adj
inutile;3;adj
integrale;3;adj
inglese;3;adj
incredibile;3;adj
immangiabile;3;adj
imbattibile;3;adj
hotel;3;nom
grigliata;3;nom
grandissimo;3;adj
glutine;3;nom
gazometro;3;nom
garanzia;3;nom
gamma;3;adj
frutto;3;nom
frittata;3;nom
frequentatore;3;nom
fraschetta;3;nom
fragola;3;nom
fortemente;3;adv
fondente;3;adj
fluviale;3;adj
fidanzato;3;nom
fermata|fermato;3;nom
fedeltà;3;nom
favola;3;nom
fame;3;nom
fagiolo;3;nom
faccia;3;nom
estivo;3;adj
esclusivamente;3;adv
errore;3;nom
entusiasta;3;nom
effettivamente;3;adv
eccellenza;3;nom
dubbio;3;nom
dozzinale;3;adj
domanda;3;nom
dolcetto;3;nom
divino;3;adj
distanza;3;nom
diretto;3;adj
direttamente;3;adv
difficoltà;3;nom
differenza;3;nom
dieta;3;nom
delizia;3;nom
delicato;3;adj
decimo;3;adj
cultura;3;nom
cubano;3;adj
critica;3;nom
cremoso;3;adj
crema|creme;3;nom
credito;3;nom
cotta;3;nom
costoso;3;adj
coppa;3;nom
contesto;3;nom
conoscenza;3;nom
conduzione;3;nom
comunicazione;3;nom
completo;3;adj
colpo;3;nom
coerente;3;adj
cittadino;3;nom
chiuso;3;adj
chiave;3;nom
chiaramente;3;adv
chiacchiera;3;nom
certezza;3;nom
cartone;3;nom
capodanno;3;nom
cantina;3;nom
cacciatora;3;adv
burro;3;nom
buongiorno;3;nom
brutto;3;adj
broccolo;3;nom
bomba;3;nom
bistecca;3;nom
bassissimo;3;adj
barattolo;3;nom
band;3;nom
baffo;3;nom
aziendale;3;adj
assortimento;3;nom
assoluto;3;adj
assenza;3;nom
artistico;3;adj
arrosto;3;adj
arrivo;3;nom
area;3;nom
apertura;3;nom
anziano;3;nom
anticipo;3;nom
amore;3;nom
allergico;3;adj
agosto;3;nom
agnello;3;nom
affabile;3;adj
addio;3;nom
accompagnamento;3;nom
abituale;3;adj
abbordabile;3;adj
zero;2;adj
zeppo;2;adj
yogurt;2;nom
voce|vocio;2;nom
vivente;2;adj
vitella|vitello;2;nom
video;2;adj
viale;2;nom
vergogna;2;nom
vegetale;2;adj
vastissimo;2;adj
valutazione;2;nom
uvetta;2;nom
uso;2;nom
ultra;2;adj
tv;2;nom
turno;2;nom
turistico;2;adj
tris;2;adj
trattamento;2;nom
trasporto;2;nom
tovaglia;2;nom
tour;2;nom
totalmente;2;adv
tocco;2;nom
terribile;2;adj
telefonata;2;nom
teglia;2;nom
taverna;2;nom
sud;2;nom
stretto;2;adj
strategico;2;adj
straniero;2;adj
stoviglia;2;nom
stop;2;nom
stellato;2;adj
spiccio;2;adj
specialità;2;nom
sorta;2;nom
sorbetto;2;nom
sogno;2;nom
soggiorno;2;nom
soffuso;2;adj
soffitto;2;nom
siparietto;2;nom
sfuso;2;adj
sfortuna;2;nom
sfizio;2;nom
sesamo;2;nom
sereno;2;adj
selvatico;2;adj
sede;2;nom
scuola;2;nom
scritto;2;adj
sciroppo;2;nom
schizzo;2;nom
scherzo;2;nom
scena;2;nom
scarpetta;2;nom
scarola;2;nom
saporito;2;adj
sapientemente;2;adv
sangue;2;nom
salute;2;nom
saltimbocca;2;nom
salama|salame;2;nom
rumore;2;nom
romanità;2;nom
risposta;2;nom
rinomato;2;adj
rinfrescante;2;adj
ridicolo;2;adj
ricorrenza;2;nom
ricercatezza;2;nom
ricaduta;2;nom
retrogusto;2;nom
respiro;2;nom
remo;2;nom
relazione;2;nom
relax;2;nom
relativo;2;adj
regolarmente;2;adv
recentemente;2;adv
re;2;nom
raro;2;adj
rancido;2;adj
ragionevole;2;adj
questione;2;nom
quantomeno;2;adv
puntino;2;nom
punta;2;nom
pubblicità;2;nom
prugna;2;nom
provola;2;nom
proveniente;2;adj
proprietà;2;nom
produzione;2;nom
privo;2;adj
privato;2;adj
pretesa;2;nom
premessa;2;nom
prelibatezza;2;nom
precotto;2;adj
pizzaiolo;2;nom
pioggia;2;nom
piastra;2;nom
peso;2;nom
pertanto;2;adv
perla;2;adj
perfezione;2;nom
peperone;2;nom
penoso;2;adj
pelle;2;nom
paziente;2;nom
pasticcere;2;nom
passeggino;2;nom
particolarità;2;nom
paraggio;2;nom
panchina;2;nom
pallino;2;nom
pala;2;nom
pago;2;adj
pagina;2;nom
pagano;2;adj
paella;2;nom
padre;2;nom
oste;2;nom
orzo;2;nom
orribile;2;adj
origine;2;nom
orientale;2;adj
organizzazione;2;nom
opzione;2;nom
opportuno;2;adj
operatore;2;adj
obbligo;2;nom
nuovamente;2;adv
nubilato;2;nom
notevole;2;adj
necessario;2;adj
natura;2;nom
natale;2;adj
mostra;2;nom
modifica;2;nom
minimamente;2;adv
minerale;2;adj
milanese;2;adj
microfono;2;nom
mezzanotte;2;nom
merito;2;nom
mercoledì;2;nom
meraviglia;2;nom
menzione;2;nom
mela;2;nom
materiale;2;nom
massa;2;nom
marmellata;2;nom
marco;2;nom
marciapiede;2;nom
mandato;2;nom
maggiore;2;adj
maggio;2;nom
maestro;2;nom
maestria;2;nom
macello;2;nom
lodevole;2;adj
liquido;2;adj
limite;2;nom
lima;2;nom
lievito;2;nom
liberatore;2;adj
lenticchia;2;nom
lavorazione;2;nom
laterale;2;adj
laboratorio;2;nom
internet;2;nom
insufficiente;2;adj
innumerevole;2;adj
innovazione;2;nom
inizialmente;2;adv
inevitabilmente;2;adv
inesistente;2;adj
indicazione;2;nom
incredibilmente;2;adv
inconveniente;2;nom
impressionante;2;adj
impresa;2;nom
impareggiabile;2;adj
immagine;2;nom
imbarazzante;2;adj
igienico;2;adj
humus;2;nom
guasto;2;adj
guancia;2;nom
gratuito;2;adj
granita;2;nom
grandioso;2;adj
gommoso;2;adj
goloso;2;adj
gnocco;2;nom
giovedì;2;nom
giovanile;2;adj
gioiello;2;nom
gioia;2;nom
gioco;2;nom
giardino;2;nom
ghiacciato;2;adj
genitore;2;nom
generale;2;adj
gastronomico;2;adj
garbo;2;nom
garbato;2;adj
gamba;2;nom
fronzolo;2;nom
frittura;2;nom
freddezza;2;nom
frascati;2;nom
frappa;2;nom
francese;2;adj
forza;2;nom
film;2;nom
felicemente;2;adv
fattorino;2;nom
fatica;2;nom
fastidio;2;nom
fase;2;nom
farina;2;nom
fantasioso;2;adj
famigliare;2;adj
evviva;2;nom
evidente;2;adj
etnico;2;adj
etichetta;2;nom
esteticamente;2;adv
estate;2;nom
essenza;2;nom
espresso;2;adj
esplosione;2;nom
esperto;2;nom
esigenza;2;nom
esatto;2;adj
equilibrio;2;nom
equilibrato;2;adj
elenco;2;nom
eguale;2;adj
egregiamente;2;adv
efficienza;2;nom
eccessivo;2;adj
domenicale;2;adj
dolente;2;adj
distillato;2;nom
disgustoso;2;adj
disagio;2;nom
diritto;2;nom
dipendenza;2;nom
dipendente;2;nom
digestivo;2;adj
dicembre;2;nom
desiderio;2;nom
deludente;2;adj
degno;2;adj
decorazione;2;nom
decina;2;nom
decente;2;adj
curioso;2;adj
cumino;2;nom
cugino;2;nom
cucchiaio;2;nom
cozza;2;nom
costume;2;nom
costantemente;2;adv
correttamente;2;adv
cornice;2;nom
coratella;2;nom
controllo;2;nom
contrario;2;nom
continuo;2;adj
contemporaneo;2;adj
contatto;2;nom
consuetudine;2;nom
considerazione;2;nom
cono;2;nom
confusione;2;nom
confronto;2;nom
concorrenza;2;nom
conclusione;2;nom
comportamento;2;nom
compito;2;nom
commerciale;2;adj
commento;2;nom
collocazione;2;nom
clima;2;nom
clientela;2;nom
città;2;nom
ciotola;2;nom
ciambella;2;nom
chilometro;2;nom
chicca;2;nom
cestino;2;nom
cervello;2;nom
celibato;2;nom
celebre;2;adj
cattiveria;2;nom
casualmente;2;adv
castello;2;nom
cassiere;2;nom
carità;2;nom
caratteristica;2;nom
carattere;2;nom
caprino;2;adj
cappuccino;2;nom
caponata;2;nom
capitano;2;nom
capitale;2;nom
caotico;2;adj
caos;2;nom
cantante;2;nom
cannella;2;nom
campo;2;nom
campano;2;adj
calzone;2;nom
caloroso;2;adj
calore;2;nom
calcio;2;nom
calamaro;2;nom
cacao;2;nom
buio;2;adj
budino;2;nom
bresaola;2;nom
brace;2;nom
bosco;2;nom
blue;2;adj
biglietto;2;nom
bellezza;2;nom
battuto;2;adj
battesimo;2;nom
basilico;2;adj
balsamico;2;adj
baguette;2;nom
aspro;2;adj
artista;2;nom
arroganza;2;nom
arrogante;2;adj
aroma;2;nom
armonia;2;nom
arco;2;nom
architettura;2;nom
aranciato;2;adj
arancia;2;nom
appuntamento;2;nom
appositamente;2;adv
applauso;2;nom
apparentemente;2;adv
anima;2;nom
anatra;2;nom
ananas;2;nom
amarena;2;nom
altezza;2;nom
aletta;2;nom
albergatore;2;nom
affamato;2;adj
adulto;2;adj
adiacente;2;adj
acustico;2;adj
acido;2;nom
accostamento;2;nom
accortezza;2;nom
accorgimento;2;nom
accento;2;nom
abitante;2;nom
abbondanza;2;nom
zuccheroso;1;adj
zia|zio;1;nom
vomito;1;nom
voce;1;nom
vivanda;1;nom
vivace;1;adj
visione;1;nom
visibilmente;1;adv
visibile;1;adj
visconte;1;nom
vigile;1;nom
vetrata;1;nom
vestito;1;nom
veste;1;nom
vergognoso;1;adj
ventina;1;nom
venere;1;nom
vendetta;1;nom
velo;1;nom
vassoio;1;nom
vaschetta;1;nom
variazione;1;nom
vaporoso;1;adj
vanto;1;nom
vantaggioso;1;adj
valore;1;nom
vago;1;adj
uva;1;nom
utile;1;adj
uscita;1;nom
urgente;1;adj
uomo;1;nom
unito;1;adj
unitamente;1;adv
undicesimo;1;adj
umorismo;1;nom
umore;1;nom
umiltà;1;nom
umanità;1;nom
ultimamente;1;adv
ulteriormente;1;adv
ulteriore;1;adj
ugualmente;1;adv
ufficio;1;nom
tè;1;nom
turismo;1;nom
trittico;1;nom
tristo;1;adj
trip;1;nom
tremila;1;adj
treccia;1;nom
traversa;1;nom
trasposizione;1;nom
trasportatore;1;nom
trappola;1;nom
transito;1;nom
tranquillità;1;nom
tranquillamente;1;adv
tramezzino;1;nom
tovagliolo;1;nom
torrido;1;adj
tornio|torno;1;nom
tornata;1;nom
tono;1;nom
tondo;1;adj
tisana;1;nom
tiro;1;nom
tipologia;1;nom
timore;1;nom
timido;1;adj
timbro;1;nom
tesoro;1;nom
teschio;1;nom
terrazzo;1;nom
terra;1;nom
terminale;1;adj
teoricamente;1;adv
tentativo;1;nom
tenero;1;adj
temporaneo;1;adj
temporale;1;adj
tempio;1;nom
tematico;1;adj
telecamera;1;nom
teiera;1;nom
tecnica|tecnico;1;nom
tazzina;1;nom
tarallo;1;nom
tacchino;1;nom
tacca;1;nom
tabella;1;nom
svizzero;1;adj
sventura;1;nom
sveglio;1;adj
surrogato;1;nom
surf;1;nom
superficiale;1;adj
superalcolico;1;nom
suono;1;nom
suocero;1;nom
suino;1;nom
suggestione;1;nom
sufficienza;1;nom
succulento;1;adj
succo;1;nom
succhio|succo;1;nom
successivo;1;adj
stuzzicante;1;adj
stupidità;1;nom
studio;1;nom
stucchevole;1;adj
strumento;1;nom
striatura;1;nom
strategia;1;nom
straordinario;1;adj
straordinariamente;1;adv
stradino;1;nom
stracotto;1;adj
stracciato;1;adj
stracciatella;1;nom
stellare;1;adj
standard;1;adj
stand;1;nom
stanco;1;adj
stampo;1;nom
stagionalità;1;nom
squallido;1;adj
spuntatura;1;nom
spumante;1;adj
spropositato;1;adj
sproporzionato;1;adj
spremuta;1;nom
sporadico;1;adj
spontaneo;1;adj
spontaneità;1;nom
spolveratura;1;nom
spirito;1;nom
spinta;1;nom
spinato;1;adj
spigola;1;nom
spiedino;1;nom
spezzatino;1;nom
spezie;1;nom
spessissimo;1;adj
sperduto;1;adj
speck;1;nom
specifico;1;adj
specializzato;1;adj
special;1;nom
speaker;1;nom
spaziale;1;adj
sparso;1;adj
spalla;1;nom
spago;1;nom
spada;1;nom
sottobicchiere;1;nom
sostanzioso;1;adj
sorprendentemente;1;adv
sorprendente;1;adj
sornione;1;adj
sopportabile;1;adj
soppalco;1;nom
sontuoso;1;adj
sommacco;1;nom
solerte;1;adj
solare;1;adj
solamente;1;adv
soggettivo;1;adj
sofisticato;1;adj
soffice;1;adj
sofferenza;1;nom
socievole;1;adj
socialità;1;nom
snobismo;1;nom
smanceria;1;nom
situazione;1;nom
sistema;1;nom
sintonia;1;nom
sintomo;1;nom
sintesi;1;nom
sinonimo;1;nom
singolo;1;adj
silenzioso;1;adj
silenzio;1;nom
signorina;1;nom
signor;1;nom
sicurezza;1;nom
shopping;1;nom
sguardo;1;nom
sgarro;1;nom
sfortunato;1;adj
sfoglia;1;nom
sezione;1;nom
settore;1;nom
servizievole;1;adj
server;1;nom
serranda;1;nom
serio;1;adj
serietà;1;nom
serie;1;nom
sensibilità;1;nom
sensazionale;1;adj
sennò;1;adv
senapa|senape;1;nom
semifreddo;1;nom
selezionato;1;adj
seguente;1;adj
secolo;1;nom
scrigno;1;nom
scottadito;1;adv
scorfano;1;nom
scontento;1;adj
sconosciuto;1;adj
scondito;1;adj
scomparto;1;nom
scoglio;1;nom
schifoso;1;nom
schifo;1;nom
schiettezza;1;nom
schiavo;1;nom
scavo;1;nom
scatola;1;nom
scarsissimo;1;adj
scarsamente;1;adv
scarno;1;adj
scaletta;1;nom
scaglia;1;nom
scaffale;1;nom
sazietà;1;nom
savoiardo;1;nom
sardina;1;nom
sapienza;1;nom
sapiente;1;adj
sapido;1;adj
sandwich;1;adj
sampietrino;1;nom
samaritano;1;adj
salvia;1;nom
salvezza;1;nom
salsa;1;nom
salatino;1;nom
sakè;1;nom
saio;1;nom
sacrosanto;1;adj
sacco;1;nom
sacchetto;1;nom
rumore|rumorio;1;nom
rumba;1;nom
rubino;1;nom
rotolo;1;nom
roso;1;adj
rosmarino;1;nom
romeno;1;adj
rock;1;nom
robbia;1;nom
riunione;1;nom
rituale;1;adj
ritrovo;1;nom
ritocco;1;nom
ritmo;1;nom
ritiro;1;nom
risvolto;1;nom
ristrutturazione;1;nom
riservatezza;1;nom
rischioso;1;adj
risata;1;nom
rimpianto;1;nom
rilievo;1;nom
rigorosamente;1;adv
rifugio;1;nom
rientro;1;nom
ridotto;1;adj
richiamo;1;nom
ricevuta;1;nom
ricchissimo;1;adj
ricchezza;1;nom
riapertura;1;nom
retrostante;1;adj
ressa;1;nom
requisito;1;nom
reputazione;1;nom
repubblica;1;nom
rena|rene;1;nom
relativamente;1;adv
regolare;1;adj
regola;1;nom
regista;1;nom
regionale;1;adj
regina;1;nom
regalo;1;nom
referenza;1;nom
reduce;1;adj
reclamo;1;nom
reattivo;1;adj
razza;1;nom
rapina;1;nom
rana;1;adj
raggiungibile;1;adj
radiofonico;1;adj
racconto;1;nom
quindicina;1;nom
quarantina;1;nom
quantitativo;1;adj
qualitativo;1;adj
quadretto;1;nom
quadrato;1;nom
puntualità;1;nom
prova;1;nom
protagonista;1;nom
prossimità;1;nom
propriamente;1;adv
propositivo;1;adj
promosso;1;adj
prole;1;nom
proiezione;1;nom
progetto;1;nom
profondamente;1;adv
professore;1;nom
professione;1;nom
privilegiato;1;adj
principalmente;1;adv
prezioso;1;adj
prevedibile;1;adj
prettamente;1;adv
pretenzioso;1;adj
presupposto;1;nom
prestigioso;1;adj
preso;1;adj
prerogativa;1;nom
prepotente;1;adj
premio;1;nom
prelibato;1;adj
pregio;1;nom
pregiato;1;adj
precisamente;1;adv
preavviso;1;nom
prassi;1;nom
povero;1;adj
potenzialmente;1;adv
potenzialità;1;nom
potenziale;1;nom
potenza;1;nom
postilla;1;nom
postazione;1;nom
portafoglio;1;nom
porchetta;1;nom
porcellino;1;nom
popolarità;1;nom
pomeridiano;1;adj
polemico;1;adj
poker;1;nom
plateale;1;adj
pittura;1;nom
pirata;1;adj
piovoso;1;adj
pinza;1;nom
pinolo;1;nom
pietra;1;nom
pienone;1;nom
pianista;1;nom
pesto;1;adj
pescatore;1;adj
pesca;1;nom
personalizzato;1;adj
perone;1;nom
pergolato;1;nom
percorso;1;nom
percentuale;1;nom
pepsi;1;nom
pepita;1;nom
penna;1;nom
peculiarità;1;nom
pazzo;1;adj
paura;1;nom
patron;1;nom
patrizio;1;adj
pastiera;1;nom
pasticciere;1;nom
passeggio;1;nom
passeggero;1;adj
passante;1;adj
partito;1;nom
partenza;1;nom
partecipe;1;adj
partecipazione;1;nom
parsimonia;1;nom
parente;1;nom
parco;1;nom
paradosso;1;nom
paradossalmente;1;adv
paradiso;1;nom
papà;1;nom
paolo;1;nom
panzanella;1;nom
pantheon;1;nom
pantalone;1;nom
panoramico;1;adj
pannolino;1;nom
paninoteca;1;nom
pancia;1;nom
pallina|pallino;1;nom
pallet;1;nom
palinsesto;1;nom
palesemente;1;adv
palco;1;nom
paese;1;nom
padiglione;1;nom
ove;1;adv
ottuso;1;adj
ottimale;1;adj
ostrica;1;nom
ostia;1;nom
ostacolo;1;nom
osso;1;nom
ospite;1;nom
ospitalità;1;nom
ospitale;1;adj
ospedale;1;nom
ortaggio;1;nom
originario;1;adj
organizzatore;1;nom
orecchietta;1;nom
ordinario;1;adj
oramai;1;adv
opportunità;1;nom
opportunamente;1;adv
opinione;1;nom
opinabile;1;adj
operaio;1;nom
opera;1;nom
onnipresente;1;adj
onestà;1;nom
onere;1;nom
onda;1;nom
omaggio;1;nom
oltretutto;1;adv
olimpico;1;adj
olfatto;1;adj
oggetto;1;nom
odore;1;nom
oceano;1;nom
obiettivo;1;nom
oasi;1;nom
nutriente;1;adj
novità;1;nom
novembre;1;nom
nottata;1;nom
notevolmente;1;adv
notevolissimo;1;adj
norcino;1;nom
newyorkese;1;adj
netto;1;adj
necessariamente;1;adv
nazionale;1;adj
mura|muro;1;nom
muratura;1;nom
mousse;1;nom
moscerino;1;nom
morta|morte|morto;1;nom
mortadella;1;nom
monumento;1;nom
montagna;1;nom
monitor;1;nom
monello;1;nom
molteplice;1;adj
mola|mole;1;nom
modulo;1;nom
moderato;1;adj
moderatamente;1;adv
modalità;1;nom
misura;1;nom
missione;1;nom
minestra;1;nom
minaccia;1;nom
militare;1;adj
miglioramento;1;nom
microonda;1;nom
mestiere;1;nom
mescita;1;nom
meritato;1;adj
meringa;1;nom
meridionale;1;adj
menta|mente;1;nom
mentalità;1;nom
mena;1;nom
memoria;1;nom
memorabile;1;adj
melone;1;nom
melograno;1;nom
mediorientale;1;adj
mediocrità;1;nom
mazzata;1;nom
maxi;1;adj
max;1;adv
mattone;1;adj
mattino;1;nom
matrimonio;1;nom
matematico;1;adj
marzo;1;nom
margine;1;nom
marca;1;nom
mango;1;nom
mangiabile;1;adj
mandarino;1;nom
mancia;1;nom
mancato;1;adj
mamma;1;nom
malvagio;1;adj
malsano;1;adj
malo;1;adj
mais;1;nom
maionese;1;nom
magro;1;adj
magnificamente;1;adv
magico;1;adj
maggiormente;1;adv
maggiorazione;1;nom
madre;1;nom
macro;1;adj
macinato;1;nom
macellaio;1;nom
macedonia;1;nom
macchina;1;nom
luppolo;1;nom
luminoso;1;adj
lumicino;1;nom
logica|logico;1;nom
litro;1;nom
liquore;1;nom
linguina;1;nom
lingua;1;nom
line;1;nom
lievemente;1;adv
lieve;1;adj
libro;1;nom
libreria;1;nom
lezione;1;nom
lettura;1;nom
lesso;1;adj
leone;1;nom
legume;1;nom
leggerissimo;1;adj
leggerezza;1;nom
laziale;1;adj
lattosio;1;nom
lasagna;1;nom
ladro;1;nom
istituzione;1;nom
ispirazione;1;nom
irriverente;1;adj
irritante;1;adj
involtino;1;nom
invernale;1;adj
inventiva;1;nom
invadente;1;adj
inutilmente;1;adv
intrattenimento;1;nom
intoppo;1;nom
intervento;1;nom
intervallo;1;nom
interpretazione;1;nom
internazionale;1;adj
intenzione;1;nom
intenso;1;adj
intenditore;1;nom
intelligente;1;adj
inspiegabile;1;adj
insoddisfacente;1;adj
insignificante;1;adj
insensato;1;adj
insegna;1;nom
insaccato;1;nom
inquietudine;1;nom
inquietante;1;adj
inopportuno;1;adj
inodoro;1;adj
iniziativa;1;nom
iniziale;1;adj
ingiustificato;1;adj
informazione;1;nom
infimo;1;adj
inferiore;1;adj
inevitabile;1;adj
ineccepibile;1;adj
industriale;1;adj
indubbiamente;1;adv
individuo;1;nom
indiscutibile;1;adj
indiscusso;1;adj
indirizzo;1;nom
indipendentemente;1;adv
indimenticabile;1;adj
indigeno;1;adj
indescrivibile;1;adj
incrocio;1;nom
incontaminato;1;adj
incompetenza;1;nom
incolore;1;adj
incetta;1;nom
incastro;1;nom
incapace;1;adj
incantevole;1;adj
incantato;1;adj
inaspettatamente;1;adv
inaccettabile;1;adj
improvviso;1;adj
improponibile;1;adj
imprevisto;1;adj
imposta;1;nom
importo;1;nom
impersonale;1;adj
immotivato;1;adj
immersione;1;nom
immancabile;1;adj
imbarazzo;1;nom
illuminazione;1;nom
illimitato;1;adj
illegale;1;adj
iersera;1;adv
iena;1;nom
idem;1;adv
hostaria;1;nom
home;1;nom
guscio;1;nom
gulasch;1;nom
guizzo;1;nom
guida;1;nom
guerra;1;nom
guazzetto;1;nom
guardo;1;nom
guanto;1;nom
gruviera;1;nom
grottino;1;nom
grossolano;1;adj
griglia;1;nom
grazioso;1;adj
gravissimo;1;adj
grave;1;adj
grato;1;adj
grasso;1;adj
granella;1;nom
granché;1;adv
granchio;1;nom
gorgonzola;1;nom
golosità;1;nom
goliardico;1;adj
godibile;1;adj
gocciola;1;nom
giustamente;1;adv
giugno;1;nom
giramondo;1;nom
gioviale;1;adj
giornalmente;1;adv
giardiniera;1;adj
giardinetto;1;nom
ghiaccio;1;nom
ghetto;1;nom
getto;1;nom
gennaio;1;nom
geniale;1;adj
gemello;1;adj
galleggiante;1;adj
gabinetto;1;nom
gabbia;1;nom
futuro;1;adj
fuorviante;1;adj
fuoco;1;nom
funzionante;1;adj
funzionamento;1;nom
fumetto;1;nom
frullato;1;nom
fronte;1;nom
frigo;1;nom
friabile;1;adj
frettoloso;1;adj
frequente;1;adj
frenetico;1;adj
frase;1;nom
frappé;1;nom
fragrante;1;adj
fossa|fosso;1;nom
fortunato;1;adj
fortunatamente;1;adv
foro;1;nom
fornaio;1;nom
formidabile;1;adj
formazione;1;nom
formativo;1;adj
fontana;1;nom
fonduta;1;nom
fondo;1;nom
fondatore;1;nom
fondamentalmente;1;adv
fondamentale;1;adj
fluido;1;nom
flipper;1;nom
flessibile;1;adj
fiume;1;nom
fisico;1;adj
finocchiona;1;nom
finocchio;1;nom
filosofia;1;nom
filiera;1;nom
filante;1;adj
figura;1;nom
fiera;1;nom
ferro;1;nom
felicità;1;nom
fegato;1;nom
fedele;1;adj
fede;1;nom
febbre;1;nom
favorevole;1;adj
fava;1;nom
fattura;1;nom
fastidioso;1;adj
fascino;1;nom
fascia;1;nom
farcia;1;nom
familiarità;1;nom
fallimento;1;nom
facoltà;1;nom
europeo;1;adj
età;1;nom
eterogeneo;1;adj
estremo;1;adj
estetico;1;adj
estero;1;adj
estasi;1;nom
espressione;1;nom
esplosivo;1;adj
esotico;1;adj
esorbitante;1;adj
esitazione;1;nom
esistenza;1;nom
esercizio;1;nom
esemplare;1;nom
esempio;1;nom
escursione;1;nom
esaustivo;1;adj
esaltante;1;adj
esagerazione;1;nom
erba;1;nom
equo;1;adj
episodio;1;nom
entità;1;nom
ennesimo;1;adj
energico;1;adj
energia;1;nom
emozionante;1;adj
emozionale;1;adj
elettrico;1;adj
elemento;1;nom
egiziano;1;adj
efficace;1;adj
effetto;1;nom
educazione;1;nom
edificio;1;nom
economia;1;nom
eclatante;1;adj
eccezione;1;nom
eccesso;1;nom
eccessivamente;1;adv
doveroso;1;adj
donna;1;nom
dolore;1;nom
diviso;1;adj
divisa;1;nom
divinamente;1;adv
divieto;1;nom
divano;1;nom
distante;1;adj
disservizio;1;nom
disdetta;1;nom
discutibile;1;adj
discrezione;1;nom
discorso;1;nom
disastro;1;nom
dio;1;nom
dinamico;1;adj
dimostrazione;1;nom
dignitoso;1;adj
digiuno;1;nom
difficilmente;1;adv
dettagliatamente;1;adv
determinazione;1;nom
design;1;nom
deserto;1;nom
descrizione;1;nom
dente;1;nom
denaro;1;nom
demerito;1;nom
degustazione;1;nom
defilato;1;adj
deficiente;1;adj
decoroso;1;adj
declino;1;nom
declinazione;1;nom
deciso;1;adj
decenza;1;nom
debole;1;adj
dattero;1;nom
dato;1;nom
dado;1;nom
curiosità;1;nom
cuoco;1;nom
culturale;1;adj
crêpe;1;nom
crosta;1;nom
crisi;1;nom
crespino;1;nom
crepa;1;nom
creazione;1;nom
costruzione;1;nom
costante;1;adj
costa;1;nom
cospicuo;1;adj
cosmopolita;1;adj
coscio;1;nom
corto;1;adj
corrispondente;1;adj
corridoio;1;nom
corretto;1;adj
core;1;nom
cordialmente;1;adv
copia;1;nom
copertura;1;nom
conviviale;1;adj
conversazione;1;nom
convenzione;1;nom
conveniente;1;adj
continuazione;1;nom
continuamente;1;adv
conte|conto;1;nom
contento;1;adj
contenitore;1;nom
contaminazione;1;nom
conta;1;nom
consumazione;1;nom
consultabile;1;adj
consistente;1;adj
conseguente;1;adj
conoscitore;1;nom
conoscente;1;nom
connotazione;1;nom
connessione;1;nom
congelatore;1;nom
confine;1;nom
confettura;1;nom
condizione;1;nom
concorso;1;nom
comunione;1;nom
computer;1;nom
compromesso;1;nom
complessivo;1;adj
complessivamente;1;adv
complessità;1;nom
competitivo;1;adj
compenso;1;nom
compatto;1;adj
compattezza;1;nom
companatico;1;nom
commovente;1;adj
commessa|commesso;1;nom
commerciante;1;nom
comitiva;1;nom
combinazione;1;nom
coltello;1;nom
colpa;1;nom
color;1;nom
colonna;1;nom
cola;1;nom
cognome;1;nom
cognato;1;nom
cognac;1;nom
codesto;1;adj
cocente;1;adj
cocco;1;nom
coca;1;nom
coatto;1;adj
cinghiale;1;nom
ciglio;1;nom
cifra;1;nom
cicerone;1;nom
cialda;1;nom
chiosco;1;nom
chicco;1;nom
chic;1;adj
chiaro;1;adj
chantilly;1;nom
cessazione;1;nom
certificazione;1;nom
certificato;1;nom
cernia;1;nom
cereale;1;nom
cera;1;nom
centrale;1;adj
centimetro;1;nom
cenno;1;nom
celere;1;adj
celebrazione;1;nom
cavolo;1;nom
causa;1;nom
categoria;1;nom
catalano;1;adj
cassetta;1;nom
casereccio;1;adj
casalingo;1;adj
cartocciata;1;nom
carrozza;1;nom
carnevale;1;nom
carico;1;nom
cardo;1;nom
card;1;nom
capriccioso;1;adj
caprese;1;adj
cappero;1;nom
capolavoro;1;nom
capo;1;nom
capitolino;1;adj
capello;1;nom
capacità;1;nom
cannolo;1;nom
cane;1;nom
candela;1;nom
camera;1;nom
cambusa;1;nom
cambio;1;nom
cambiamento;1;nom
caldamente;1;adv
calcolo;1;nom
caffo;1;adj
caduta;1;nom
caciara;1;nom
bustina;1;nom
busta;1;nom
burroso;1;adj
buco;1;nom
brusio;1;nom
bruciore;1;nom
bruciato;1;adj
brodaglia;1;nom
brocca;1;nom
brivido;1;nom
brillo;1;adj
break;1;nom
bravura;1;nom
brasiliano;1;adj
branzino;1;nom
brado;1;adj
braciola;1;nom
bottega;1;nom
borsello;1;nom
bollente;1;adj
boario;1;adj
blues;1;nom
blasonato;1;adj
biondo;1;adj
bidone;1;nom
bicchierino;1;nom
befana;1;nom
bavarese;1;adj
barman;1;nom
barbecue;1;nom
bandiera;1;nom
bancomat;1;nom
bancarella;1;nom
ballo;1;nom
balla;1;nom
bacio;1;nom
bacchetta;1;nom
bacca;1;nom
avvicendamento;1;nom
avviamento;1;nom
avventore;1;nom
avanzo;1;nom
autunnale;1;adj
autolesionista;1;nom
augusto;1;adj
augure|augurio;1;nom
audace;1;adj
attraente;1;adj
attore;1;nom
attivo;1;adj
attività;1;nom
attiguo;1;adj
attacco;1;nom
asticella;1;nom
assortito;1;adj
assorbente;1;adj
assiduo;1;adj
assente;1;adj
asettico;1;adj
asciutto;1;adj
arzillo;1;adj
artigiano;1;nom
aromatico;1;adj
armonioso;1;adj
arma|arme|armo;1;nom
arduo;1;adj
architettonico;1;adj
archeologico;1;adj
arcano;1;adj
arancio;1;nom
arachide;1;nom
arabo;1;adj
aprile;1;nom
approssimazione;1;nom
approccio;1;nom
apprezzabile;1;adj
appresso;1;adv
applicazione;1;nom
appetitoso;1;adj
appetibile;1;adj
appartamento;1;nom
appagamento;1;nom
antro;1;nom
antistante;1;adj
antiossidante;1;adj
ansia;1;nom
anonimo;1;adj
annuncio;1;nom
annuale;1;adj
annesso;1;adj
angusto;1;adj
anguilla;1;nom
anfora;1;nom
anello;1;nom
analogo;1;adj
analcolico;1;adj
ampiezza;1;nom
amo;1;nom
amicizia;1;nom
ambizioso;1;adj
ambientazione;1;nom
amatore;1;nom
amarezza;1;nom
amaretto;1;nom
alterno;1;adj
altamente;1;adv
alloggio;1;nom
allergia;1;nom
allergene;1;nom
allegramente;1;adv
alimentare|alimentario;1;adj
alga;1;nom
albicocca;1;nom
aiuto;1;nom
agrodolce;1;adj
aglio;1;nom
aggressività;1;nom
aggiunta;1;nom
affumicatura;1;nom
affresco;1;nom
affisso;1;nom
affare;1;nom
aerazione;1;nom
adattabile;1;adj
acquoso;1;adj
acino;1;nom
acidità;1;nom
aceto;1;nom
acero;1;nom
accuratezza;1;nom
accumulo;1;nom
accordo;1;nom
accoppiamento;1;nom
acciuga;1;nom
acceso;1;adj
accenno;1;nom
abitudine;1;nom
abito;1;nom
abbondantemente;1;adv
abbaio;1;nom